Feature,Importance
B4,0.10669480846634183
B10,0.10356482865109204
B2,0.08868412152028131
NDFI_mean_3x3,0.07460967032612295
MIRBI,0.06919868845608365
temperature_2m,0.06412586415169166
B5,0.057550089067732624
B7,0.05008269367100624
vpd,0.04895262768503879
B1,0.04726274929251921
dewpoint_2m,0.04033248406025956
B6,0.03265657073010493
NDVI,0.032336648062955595
NBR,0.027296025407157476
NDFI,0.02686831339433311
elevation,0.02570427731792794
temperature_2m.1,0.021377957609246958
slope,0.013745054421619496
B10_max_3x3,0.01267858664943633
rh,0.011386010045331121
wind_speed.1,0.010945214942022427
solar_radiation,0.009629043344610722
wind_speed,0.0062040999680377015
B3,0.005133675534521119
NDWI,0.004572708198737726
wind_v,0.0035831721053392962
wind_u,0.002892761330489166
precip_mm,0.0017550426669403884
total_precip,0.00017621292301863833
